Workbook

Sheet Dashboard
C1: PORTFOLIO RISK MANAGEMENT
B4: Portfolio Value: | C4: Annualised Return:
B5: 1000000 | C5: =(Returns!H1257/1000000)^(1/5)-1 -> -1
B7: Annualised Volatility: | C7: Sharpe Ratio:
B8: 0.144 | C8: =C5/B8 -> -6.9444444
B10: Maximum Drawdown: | C10: 95% 1-Day VaR:
B11: -0.5037 | C11: 16642.36
B13: 99% 1-Day VaR: | C13: Expected Shortfall:
B14: 28114.05 | C14: 95%: <£24,215.28 99%:<£36,962.57
B18: Portfolio Value:
B38: Drawdown:
B48: Drawdown Chart
B59: Risk Contribution:
B81: Stress Test
B83: Selected Stress Scenario: | C83: Mild Market Downturn
B84: Portfolio Impact | C84: =_xlfn.XLOOKUP(C83,StressTest[[Scenario ]],StressTest[[Portfolio Impact ]]) -> -0.05
B85: Estimated Loss | C85: =_xlfn.XLOOKUP(Dashboard!C83,StressTest[[Scenario ]],StressTest[[£ Impact ]]) -> -50000

Sheet Inputs
A1: Asset | B1: Weight
A2: GOOGL | B2: 0.2
A3: MSFT | B3: 0.2
A4: XOM | B4: 0.2
A5: JPM | B5: 0.2
A6: UNH | B6: 0.2

Sheet Prices
A2: Date | B2: GOOGL | C2: MSFT | D2: XOM | E2: JPM | F2: UNH
A3: Sep 18, 2026 | B3: 349.54 | C3: 493.78 | D3: 163.54 | E3: 349.67 | F3: 376.9
A4: Sep 17, 2026 | B4: 347.33 | C4: 497.75 | D4: 163.27 | E4: 349.31 | F4: 375.21
A5: Sep 16, 2026 | B5: 342.87 | C5: 490.3 | D5: 163.32 | E5: 348.92 | F5: 375.26
A6: Sep 15, 2026 | B6: 344.98 | C6: 497.12 | D6: 169.32 | E6: 352.49 | F6: 375.93
A7: Sep 14, 2026 | B7: 349.39 | C7: 505.41 | D7: 165.08 | E7: 350.13 | F7: 383.55
A8: Sep 11, 2026 | B8: 338.5 | C8: 495.63 | D8: 165.99 | E8: 356.23 | F8: 376.77
A9: Sep 10, 2026 | B9: 332.6 | C9: 492.44 | D9: 165.23 | E9: 353.56 | F9: 385.9
A10: Sep 09, 2026 | B10: 330.65 | C10: 491.65 | D10: 164.23 | E10: 354.71 | F10: 390.65
A11: Sep 08, 2026 | B11: 338.36 | C11: 493.95 | D11: 160.66 | E11: 353.51 | F11: 398.39
A12: Sep 04, 2026 | B12: 338.46 | C12: 499.7 | D12: 159.47 | E12: 358.64 | F12: 394.71
A13: Sep 03, 2026 | B13: 342.26 | C13: 510.12 | D13: 162.21 | E13: 362.06 | F13: 398.49
A14: Sep 02, 2026 | B14: 336.9 | C14: 496.82 | D14: 164.15 | E14: 356.22 | F14: 397.21
... A1257: Sep 20, 2021 | B1257: 137.41 | C1257: 282.45 | D1257: 45.06 | E1257: 134.97 | F1257: 377.04

Sheet Returns
A1: Date | B1: GOOGL | C1: MSFT | D1: XOM | E1: JPM | F1: UNH | G1: Portfolio Return | H1: Portfolio Value | I1: Running High | J1: Drawdown
A2: 44459 | H2: 1000000 | I2: =MAX(I1,H2) -> 1000000 | J2: =(H2-I2)/I2 -> 0
A3: 44460 | B3: =(Prices!B1257/Prices!B1256)-1 -> -0.0022509439 | C3: =(Prices!C1257/Prices!C1256)-1 -> -0.0016965327 | D3: =(Prices!D1257/Prices!D1256)-1 -> 0.000888494 | E3: =(Prices!E1257/Prices!E1256)-1 -> -0.00014815912 | F3: =(Prices!F1257/Prices!F1256)-1 -> 0.00087600542 | G3: =B3*20%+C3*20%+D3*20%+E3*20%+F3*20% -> -0.00046622727 | H3: =H2*(1+G3) -> 999533.77 | I3: =MAX(I2,H3) -> 1000000 | J3: =(H3-I3)/I3 -> -0.00046622727
A4: 44461 | B4: =(Prices!B1256/Prices!B1255)-1 -> -0.0089234312 | C4: =(Prices!C1256/Prices!C1255)-1 -> -0.012667504 | D4: =(Prices!D1256/Prices!D1255)-1 -> -0.028275415 | E4: =(Prices!E1256/Prices!E1255)-1 -> -0.018825411 | F4: =(Prices!F1256/Prices!F1255)-1 -> 0.0088915075 | G4: =B4*20%+C4*20%+D4*20%+E4*20%+F4*20% -> -0.011960051 | H4: =H3*(1+G4) -> 987579.3 | I4: =MAX(I3,H4) -> 1000000 | J4: =(H4-I4)/I4 -> -0.012420702
A5: 44462 | B5: =(Prices!B1255/Prices!B1254)-1 -> -0.0065770661 | C5: =(Prices!C1255/Prices!C1254)-1 -> -0.0032695652 | D5: =(Prices!D1255/Prices!D1254)-1 -> -0.032776618 | E5: =(Prices!E1255/Prices!E1254)-1 -> -0.032693525 | F5: =(Prices!F1255/Prices!F1254)-1 -> 0.001663224 | G5: =B5*20%+C5*20%+D5*20%+E5*20%+F5*20% -> -0.01473071 | H5: =H4*(1+G5) -> 973031.55 | I5: =MAX(I4,H5) -> 1000000 | J5: =(H5-I5)/I5 -> -0.026968446
A6: 44463 | B6: =(Prices!B1254/Prices!B1253)-1 -> -0.0070277561 | C6: =(Prices!C1254/Prices!C1253)-1 -> 0.00073096871 | D6: =(Prices!D1254/Prices!D1253)-1 -> -0.0088971653 | E6: =(Prices!E1254/Prices!E1253)-1 -> -0.01139918 | F6: =(Prices!F1254/Prices!F1253)-1 -> 0.0023123874 | G6: =B6*20%+C6*20%+D6*20%+E6*20%+F6*20% -> -0.004856149 | H6: =H5*(1+G6) -> 968306.37 | I6: =MAX(I5,H6) -> 1000000 | J6: =(H6-I6)/I6 -> -0.031693632
A7: 44466 | B7: =(Prices!B1253/Prices!B1252)-1 -> 0.0080864463 | C7: =(Prices!C1253/Prices!C1252)-1 -> 0.017604137 | D7: =(Prices!D1253/Prices!D1252)-1 -> -0.028933092 | E7: =(Prices!E1253/Prices!E1252)-1 -> -0.023550971 | F7: =(Prices!F1253/Prices!F1252)-1 -> 0.0044834571 | G7: =B7*20%+C7*20%+D7*20%+E7*20%+F7*20% -> -0.0044620044 | H7: =H6*(1+G7) -> 963985.78 | I7: =MAX(I6,H7) -> 1000000 | J7: =(H7-I7)/I7 -> -0.03601422
A8: 44467 | B8: =(Prices!B1252/Prices!B1251)-1 -> 0.038573021 | C8: =(Prices!C1252/Prices!C1251)-1 -> 0.037559721 | D8: =(Prices!D1252/Prices!D1251)-1 -> -0.010340028 | E8: =(Prices!E1252/Prices!E1251)-1 -> 0.0053906517 | F8: =(Prices!F1252/Prices!F1251)-1 -> 0.016667582 | G8: =B8*20%+C8*20%+D8*20%+E8*20%+F8*20% -> 0.01757019 | H8: =H7*(1+G8) -> 980923.19 | I8: =MAX(I7,H8) -> 1000000 | J8: =(H8-I8)/I8 -> -0.019076807
A9: 44468 | B9: =(Prices!B1251/Prices!B1250)-1 -> 0.01097002 | C9: =(Prices!C1251/Prices!C1250)-1 -> -0.0016877018 | D9: =(Prices!D1251/Prices!D1250)-1 -> 0.0007960199 | E9: =(Prices!E1251/Prices!E1250)-1 -> 0.00075116089 | F9: =(Prices!F1251/Prices!F1250)-1 -> -0.0044558651 | G9: =B9*20%+C9*20%+D9*20%+E9*20%+F9*20% -> 0.0012747268 | H9: =H8*(1+G9) -> 982173.6 | I9: =MAX(I8,H9) -> 1000000 | J9: =(H9-I9)/I9 -> -0.017826398
A10: 44469 | B10: =(Prices!B1250/Prices!B1249)-1 -> 0.0050596587 | C10: =(Prices!C1250/Prices!C1249)-1 -> 0.0073548435 | D10: =(Prices!D1250/Prices!D1249)-1 -> 0.018030794 | E10: =(Prices!E1250/Prices!E1249)-1 -> 0.01384658 | F10: =(Prices!F1250/Prices!F1249)-1 -> 0.024735279 | G10: =B10*20%+C10*20%+D10*20%+E10*20%+F10*20% -> 0.013805431 | H10: =H9*(1+G10) -> 995732.93 | I10: =MAX(I9,H10) -> 1000000 | J10: =(H10-I10)/I10 -> -0.0042670677
A11: 44470 | B11: =(Prices!B1249/Prices!B1248)-1 -> -0.020996599 | C11: =(Prices!C1249/Prices!C1248)-1 -> -0.024832408 | D11: =(Prices!D1249/Prices!D1248)-1 -> -0.034617641 | E11: =(Prices!E1249/Prices!E1248)-1 -> -0.020612964 | F11: =(Prices!F1249/Prices!F1248)-1 -> -0.0042954368 | G11: =B11*20%+C11*20%+D11*20%+E11*20%+F11*20% -> -0.02107101 | H11: =H10*(1+G11) -> 974751.83 | I11: =MAX(I10,H11) -> 1000000 | J11: =(H11-I11)/I11 -> -0.025248166
A12: 44473 | B12: =(Prices!B1248/Prices!B1247)-1 -> 0.021601208 | C12: =(Prices!C1248/Prices!C1247)-1 -> 0.021162269 | D12: =(Prices!D1248/Prices!D1247)-1 -> -0.012934363 | E12: =(Prices!E1248/Prices!E1247)-1 -> 0.0010860711 | F12: =(Prices!F1248/Prices!F1247)-1 -> 0.014000057 | G12: =B12*20%+C12*20%+D12*20%+E12*20%+F12*20% -> 0.0089830484 | H12: =H11*(1+G12) -> 983508.08 | I12: =MAX(I11,H12) -> 1000000 | J12: =(H12-I12)/I12 -> -0.016491923
A13: 44474 | B13: =(Prices!B1247/Prices!B1246)-1 -> -0.01736678 | C13: =(Prices!C1247/Prices!C1246)-1 -> -0.019557608 | D13: =(Prices!D1247/Prices!D1246)-1 -> 0.0017404757 | E13: =(Prices!E1247/Prices!E1246)-1 -> -0.016029923 | F13: =(Prices!F1247/Prices!F1246)-1 -> -0.016330959 | G13: =B13*20%+C13*20%+D13*20%+E13*20%+F13*20% -> -0.013508959 | H13: =H12*(1+G13) -> 970221.91 | I13: =MAX(I12,H13) -> 1000000 | J13: =(H13-I13)/I13 -> -0.029778094
A14: 44475 | B14: =(Prices!B1246/Prices!B1245)-1 -> -0.01122771 | C14: =(Prices!C1246/Prices!C1245)-1 -> -0.014859052 | D14: =(Prices!D1246/Prices!D1245)-1 -> 0.018715524 | E14: =(Prices!E1246/Prices!E1245)-1 -> -0.0021327646 | F14: =(Prices!F1246/Prices!F1245)-1 -> -0.0020822344 | G14: =B14*20%+C14*20%+D14*20%+E14*20%+F14*20% -> -0.0023172474 | H14: =H13*(1+G14) -> 967973.66 | I14: =MAX(I13,H14) -> 1000000 | J14: =(H14-I14)/I14 -> -0.032026338
A15: 44476 | B15: =(Prices!B1245/Prices!B1244)-1 -> -0.011891814 | C15: =(Prices!C1245/Prices!C1244)-1 -> -0.0059014771 | D15: =(Prices!D1245/Prices!D1244)-1 -> -0.002946376 | E15: =(Prices!E1245/Prices!E1244)-1 -> -0.0062918074 | F15: =(Prices!F1245/Prices!F1244)-1 -> -0.025802613 | G15: =B15*20%+C15*20%+D15*20%+E15*20%+F15*20% -> -0.010566817 | H15: =H14*(1+G15) -> 957745.26 | I15: =MAX(I14,H15) -> 1000000 | J15: =(H15-I15)/I15 -> -0.042254739
A16: 44477 | B16: =(Prices!B1244/Prices!B1243)-1 -> -0.0040441973 | C16: =(Prices!C1244/Prices!C1243)-1 -> 0 | D16: =(Prices!D1244/Prices!D1243)-1 -> -0.024338827 | E16: =(Prices!E1244/Prices!E1243)-1 -> -0.00079412349 | F16: =(Prices!F1244/Prices!F1243)-1 -> -0.0092183187 | G16: =B16*20%+C16*20%+D16*20%+E16*20%+F16*20% -> -0.0076790933 | H16: =H15*(1+G16) -> 950390.65 | I16: =MAX(I15,H16) -> 1000000 | J16: =(H16-I16)/I16 -> -0.049609354
A17: 44480 | B17: =(Prices!B1243/Prices!B1242)-1 -> 0.0063226744 | C17: =(Prices!C1243/Prices!C1242)-1 -> 0.0021247964 | D17: =(Prices!D1243/Prices!D1242)-1 -> 0.010065815 | E17: =(Prices!E1243/Prices!E1242)-1 -> 0.021496654 | F17: =(Prices!F1243/Prices!F1242)-1 -> 0.0085675676 | G17: =B17*20%+C17*20%+D17*20%+E17*20%+F17*20% -> 0.0097155014 | H17: =H16*(1+G17) -> 959624.17 | I17: =MAX(I16,H17) -> 1000000 | J17: =(H17-I17)/I17 -> -0.040375832
A18: 44481 | B18: =(Prices!B1242/Prices!B1241)-1 -> 0.018052678 | C18: =(Prices!C1242/Prices!C1241)-1 -> 0.0046250178 | D18: =(Prices!D1242/Prices!D1241)-1 -> 0.0052539405 | E18: =(Prices!E1242/Prices!E1241)-1 -> 0.0077661966 | F18: =(Prices!F1242/Prices!F1241)-1 -> 0.0043431053 | G18: =B18*20%+C18*20%+D18*20%+E18*20%+F18*20% -> 0.0080081877 | H18: =H17*(1+G18) -> 967309.02 | I18: =MAX(I17,H18) -> 1000000 | J18: =(H18-I18)/I18 -> -0.032690982
A19: 44482 | B19: =(Prices!B1241/Prices!B1240)-1 -> -0.0082911439 | C19: =(Prices!C1241/Prices!C1240)-1 -> -0.011604192 | D19: =(Prices!D1241/Prices!D1240)-1 -> 0.0027317073 | E19: =(Prices!E1241/Prices!E1240)-1 -> 0.027078086 | F19: =(Prices!F1241/Prices!F1240)-1 -> -0.0007594662 | G19: =B19*20%+C19*20%+D19*20%+E19*20%+F19*20% -> 0.0018309983 | H19: =H18*(1+G19) -> 969080.16 | I19: =MAX(I18,H19) -> 1000000 | J19: =(H19-I19)/I19 -> -0.030919841
A20: 44483 | B20: =(Prices!B1240/Prices!B1239)-1 -> -0.025246746 | C20: =(Prices!C1240/Prices!C1239)-1 -> -0.021269273 | D20: =(Prices!D1240/Prices!D1239)-1 -> -0.014991351 | E20: =(Prices!E1240/Prices!E1239)-1 -> -0.015159868 | F20: =(Prices!F1240/Prices!F1239)-1 -> -0.039995834 | G20: =B20*20%+C20*20%+D20*20%+E20*20%+F20*20% -> -0.023332614 | H20: =H19*(1+G20) -> 946468.99 | I20: =MAX(I19,H20) -> 1000000 | J20: =(H20-I20)/I20 -> -0.053531014
A21: 44484 | B21: =(Prices!B1239/Prices!B1238)-1 -> -0.0015709797 | C21: =(Prices!C1239/Prices!C1238)-1 -> -0.0047951774 | D21: =(Prices!D1239/Prices!D1238)-1 -> -0.0095183705 | E21: =(Prices!E1239/Prices!E1238)-1 -> -0.018796484 | F21: =(Prices!F1239/Prices!F1238)-1 -> -0.018001432 | G21: =B21*20%+C21*20%+D21*20%+E21*20%+F21*20% -> -0.010536489 | H21: =H20*(1+G21) -> 936496.53 | I21: =MAX(I20,H21) -> 1000000 | J21: =(H21-I21)/I21 -> -0.063503474
A22: 44487 | B22: =(Prices!B1238/Prices!B1237)-1 -> -0.0098281836 | C22: =(Prices!C1238/Prices!C1237)-1 -> -0.010003052 | D22: =(Prices!D1238/Prices!D1237)-1 -> 0.00057142857 | E22: =(Prices!E1238/Prices!E1237)-1 -> 0.00033818059 | F22: =(Prices!F1238/Prices!F1237)-1 -> 0.0081200217 | G22: =B22*20%+C22*20%+D22*20%+E22*20%+F22*20% -> -0.0021603209 | H22: =H21*(1+G22) -> 934473.39 | I22: =MAX(I21,H22) -> 1000000 | J22: =(H22-I22)/I22 -> -0.065526607
A23: 44488 | B23: =(Prices!B1237/Prices!B1236)-1 -> -0.003241948 | C23: =(Prices!C1237/Prices!C1236)-1 -> -0.003076195 | D23: =(Prices!D1237/Prices!D1236)-1 -> -0.014824545 | E23: =(Prices!E1237/Prices!E1236)-1 -> -0.011962042 | F23: =(Prices!F1237/Prices!F1236)-1 -> 0.00056743442 | G23: =B23*20%+C23*20%+D23*20%+E23*20%+F23*20% -> -0.0065074591 | H23: =H22*(1+G23) -> 928392.35 | I23: =MAX(I22,H23) -> 1000000 | J23: =(H23-I23)/I23 -> -0.071607655
A24: 44489 | B24: =(Prices!B1236/Prices!B1235)-1 -> 0.010396639 | C24: =(Prices!C1236/Prices!C1235)-1 -> 0.0026776938 | D24: =(Prices!D1236/Prices!D1235)-1 -> -0.0054124673 | E24: =(Prices!E1236/Prices!E1235)-1 -> -0.013319267 | F24: =(Prices!F1236/Prices!F1235)-1 -> -0.024628931 | G24: =B24*20%+C24*20%+D24*20%+E24*20%+F24*20% -> -0.0060572664 | H24: =H23*(1+G24) -> 922768.83 | I24: =MAX(I23,H24) -> 1000000 | J24: =(H24-I24)/I24 -> -0.077231174
A25: 44490 | B25: =(Prices!B1235/Prices!B1234)-1 -> -0.00085378869 | C25: =(Prices!C1235/Prices!C1234)-1 -> -0.010763144 | D25: =(Prices!D1235/Prices!D1234)-1 -> 0.018437559 | E25: =(Prices!E1235/Prices!E1234)-1 -> 0.0079085532 | F25: =(Prices!F1235/Prices!F1234)-1 -> -0.016259559 | G25: =B25*20%+C25*20%+D25*20%+E25*20%+F25*20% -> -0.00030607577 | H25: =H24*(1+G25) -> 922486.39 | I25: =MAX(I24,H25) -> 1000000 | J25: =(H25-I25)/I25 -> -0.077513612
A26: 44491 | B26: =(Prices!B1234/Prices!B1233)-1 -> 0.031408234 | C26: =(Prices!C1234/Prices!C1233)-1 -> 0.0051565502 | D26: =(Prices!D1234/Prices!D1233)-1 -> -0.0067962998 | E26: =(Prices!E1234/Prices!E1233)-1 -> -0.01324677 | F26: =(Prices!F1234/Prices!F1233)-1 -> -0.015304009 | G26: =B26*20%+C26*20%+D26*20%+E26*20%+F26*20% -> 0.000243541 | H26: =H25*(1+G26) -> 922711.05 | I26: =MAX(I25,H26) -> 1000000 | J26: =(H26-I26)/I26 -> -0.077288948
A27: 44494 | B27: =(Prices!B1233/Prices!B1232)-1 -> 0.00088138083 | C27: =(Prices!C1233/Prices!C1232)-1 -> 0.0033477614 | D27: =(Prices!D1233/Prices!D1232)-1 -> -0.019074074 | E27: =(Prices!E1233/Prices!E1232)-1 -> 0.0048764415 | F27: =(Prices!F1233/Prices!F1232)-1 -> -0.00073054913 | G27: =B27*20%+C27*20%+D27*20%+E27*20%+F27*20% -> -0.0021398079 | H27: =H26*(1+G27) -> 920736.63 | I27: =MAX(I26,H27) -> 1000000 | J27: =(H27-I27)/I27 -> -0.079263373
A28: 44495 | B28: =(Prices!B1232/Prices!B1231)-1 -> -0.013405797 | C28: =(Prices!C1232/Prices!C1231)-1 -> -0.0063839796 | D28: =(Prices!D1232/Prices!D1231)-1 -> -0.022624434 | E28: =(Prices!E1232/Prices!E1231)-1 -> -0.0026945321 | F28: =(Prices!F1232/Prices!F1231)-1 -> -0.011339561 | G28: =B28*20%+C28*20%+D28*20%+E28*20%+F28*20% -> -0.011289661 | H28: =H27*(1+G28) -> 910341.82 | I28: =MAX(I27,H28) -> 1000000 | J28: =(H28-I28)/I28 -> -0.089658177
A29: 44496 | B29: =(Prices!B1231/Prices!B1230)-1 -> -0.047224524 | C29: =(Prices!C1231/Prices!C1230)-1 -> -0.040430745 | D29: =(Prices!D1231/Prices!D1230)-1 -> 0.026570048 | E29: =(Prices!E1231/Prices!E1230)-1 -> 0.021276596 | F29: =(Prices!F1231/Prices!F1230)-1 -> 0.0025585325 | G29: =B29*20%+C29*20%+D29*20%+E29*20%+F29*20% -> -0.0074500185 | H29: =H28*(1+G29) -> 903559.76 | I29: =MAX(I28,H29) -> 1000000 | J29: =(H29-I29)/I29 -> -0.09644024
A30: 44497 | B30: =(Prices!B1230/Prices!B1229)-1 -> 0.0025610853 | C30: =(Prices!C1230/Prices!C1229)-1 -> -0.0036300556 | D30: =(Prices!D1230/Prices!D1229)-1 -> -0.0027793218 | E30: =(Prices!E1230/Prices!E1229)-1 -> -0.014811876 | F30: =(Prices!F1230/Prices!F1229)-1 -> -0.0043019539 | G30: =B30*20%+C30*20%+D30*20%+E30*20%+F30*20% -> -0.0045924244 | H30: =H29*(1+G30) -> 899410.23 | I30: =MAX(I29,H30) -> 1000000 | J30: =(H30-I30)/I30 -> -0.10058977
A31: 44498 | B31: =(Prices!B1229/Prices!B1228)-1 -> -0.014865326 | C31: =(Prices!C1229/Prices!C1228)-1 -> -0.021900333 | D31: =(Prices!D1229/Prices!D1228)-1 -> -0.0024029575 | E31: =(Prices!E1229/Prices!E1228)-1 -> 0.0027184724 | F31: =(Prices!F1229/Prices!F1228)-1 -> -0.010910906 | G31: =B31*20%+C31*20%+D31*20%+E31*20%+F31*20% -> -0.00947221 | H31: =H30*(1+G31) -> 890890.83 | I31: =MAX(I30,H31) -> 1000000 | J31: =(H31-I31)/I31 -> -0.10910917
A32: 44501 | B32: =(Prices!B1228/Prices!B1227)-1 -> 0.031729281 | C32: =(Prices!C1228/Prices!C1227)-1 -> 0.0068014299 | D32: =(Prices!D1228/Prices!D1227)-1 -> -0.017792302 | E32: =(Prices!E1228/Prices!E1227)-1 -> 0.00053071514 | F32: =(Prices!F1228/Prices!F1227)-1 -> 0.014004387 | G32: =B32*20%+C32*20%+D32*20%+E32*20%+F32*20% -> 0.0070547022 | H32: =H31*(1+G32) -> 897175.8 | I32: =MAX(I31,H32) -> 1000000 | J32: =(H32-I32)/I32 -> -0.1028242
A33: 44502 | B33: =(Prices!B1227/Prices!B1226)-1 -> -0.01332778 | C33: =(Prices!C1227/Prices!C1226)-1 -> -0.011260205 | D33: =(Prices!D1227/Prices!D1226)-1 -> 0.0125 | E33: =(Prices!E1227/Prices!E1226)-1 -> -0.0038987643 | F33: =(Prices!F1227/Prices!F1226)-1 -> 0.0045764928 | G33: =B33*20%+C33*20%+D33*20%+E33*20%+F33*20% -> -0.0022820512 | H33: =H32*(1+G33) -> 895128.4 | I33: =MAX(I32,H33) -> 1000000 | J33: =(H33-I33)/I33 -> -0.1048716
A34: 44503 | B34: =(Prices!B1226/Prices!B1225)-1 -> -0.0079878805 | C34: =(Prices!C1226/Prices!C1225)-1 -> -0.002620496 | D34: =(Prices!D1226/Prices!D1225)-1 -> 0.013979497 | E34: =(Prices!E1226/Prices!E1225)-1 -> -0.00033029462 | F34: =(Prices!F1226/Prices!F1225)-1 -> -0.011560279 | G34: =B34*20%+C34*20%+D34*20%+E34*20%+F34*20% -> -0.0017038906 | H34: =H33*(1+G34) -> 893603.19 | I34: =MAX(I33,H34) -> 1000000 | J34: =(H34-I34)/I34 -> -0.10639681
A35: 44504 | B35: =(Prices!B1225/Prices!B1224)-1 -> -0.011234425 | C35: =(Prices!C1225/Prices!C1224)-1 -> -0.0072470501 | D35: =(Prices!D1225/Prices!D1224)-1 -> -0.007400555 | E35: =(Prices!E1225/Prices!E1224)-1 -> 0.013253012 | F35: =(Prices!F1225/Prices!F1224)-1 -> 0.0012461358 | G35: =B35*20%+C35*20%+D35*20%+E35*20%+F35*20% -> -0.0022765765 | H35: =H34*(1+G35) -> 891568.84 | I35: =MAX(I34,H35) -> 1000000 | J35: =(H35-I35)/I35 -> -0.10843116
A36: 44505 | B36: =(Prices!B1224/Prices!B1223)-1 -> -0.0039335368 | C36: =(Prices!C1224/Prices!C1223)-1 -> 0.0011161752 | D36: =(Prices!D1224/Prices!D1223)-1 -> -0.0095290453 | E36: =(Prices!E1224/Prices!E1223)-1 -> 0.0014747285 | F36: =(Prices!F1224/Prices!F1223)-1 -> 0.002065173 | G36: =B36*20%+C36*20%+D36*20%+E36*20%+F36*20% -> -0.0017613011 | H36: =H35*(1+G36) -> 889998.52 | I36: =MAX(I35,H36) -> 1000000 | J36: =(H36-I36)/I36 -> -0.11000148
A37: 44508 | B37: =(Prices!B1223/Prices!B1222)-1 -> -0.0012192644 | C37: =(Prices!C1223/Prices!C1222)-1 -> -0.0027518397 | D37: =(Prices!D1223/Prices!D1222)-1 -> -0.010516772 | E37: =(Prices!E1223/Prices!E1222)-1 -> -0.0059968017 | F37: =(Prices!F1223/Prices!F1222)-1 -> -0.014716669 | G37: =B37*20%+C37*20%+D37*20%+E37*20%+F37*20% -> -0.0070402694 | H37: =H36*(1+G37) -> 883732.69 | I37: =MAX(I36,H37) -> 1000000 | J37: =(H37-I37)/I37 -> -0.11626731
A38: 44509 | B38: =(Prices!B1222/Prices!B1221)-1 -> 0.00081350417 | C38: =(Prices!C1222/Prices!C1221)-1 -> 0.0031015446 | D38: =(Prices!D1222/Prices!D1221)-1 -> -0.0096965344 | E38: =(Prices!E1222/Prices!E1221)-1 -> 0.0076540889 | F38: =(Prices!F1222/Prices!F1221)-1 -> -0.0037243948 | G38: =B38*20%+C38*20%+D38*20%+E38*20%+F38*20% -> -0.00037035831 | H38: =H37*(1+G38) -> 883405.39 | I38: =MAX(I37,H38) -> 1000000 | J38: =(H38-I38)/I38 -> -0.11659461
A39: 44510 | B39: =(Prices!B1221/Prices!B1220)-1 -> 0.020689178 | C39: =(Prices!C1221/Prices!C1220)-1 -> 0.015560035 | D39: =(Prices!D1221/Prices!D1220)-1 -> 0.020150211 | E39: =(Prices!E1221/Prices!E1220)-1 -> 0.00094086022 | F39: =(Prices!F1221/Prices!F1220)-1 -> 0.009686786 | G39: =B39*20%+C39*20%+D39*20%+E39*20%+F39*20% -> 0.013405414 | H39: =H38*(1+G39) -> 895247.81 | I39: =MAX(I38,H39) -> 1000000 | J39: =(H39-I39)/I39 -> -0.10475219
A40: 44511 | B40: =(Prices!B1220/Prices!B1219)-1 -> 0.00090033936 | C40: =(Prices!C1220/Prices!C1219)-1 -> -0.004889669 | D40: =(Prices!D1220/Prices!D1219)-1 -> -0.0020109689 | E40: =(Prices!E1220/Prices!E1219)-1 -> 6.7208818e-05 | F40: =(Prices!F1220/Prices!F1219)-1 -> 0.0054801733 | G40: =B40*20%+C40*20%+D40*20%+E40*20%+F40*20% -> -9.0583298e-05 | H40: =H39*(1+G40) -> 895166.71 | I40: =MAX(I39,H40) -> 1000000 | J40: =(H40-I40)/I40 -> -0.10483329
A41: 44512 | B41: =(Prices!B1219/Prices!B1218)-1 -> -0.019622488 | C41: =(Prices!C1219/Prices!C1218)-1 -> -0.012749103 | D41: =(Prices!D1219/Prices!D1218)-1 -> 0.0077376566 | E41: =(Prices!E1219/Prices!E1218)-1 -> 0.0044555458 | F41: =(Prices!F1219/Prices!F1218)-1 -> -0.0034817447 | G41: =B41*20%+C41*20%+D41*20%+E41*20%+F41*20% -> -0.0047320265 | H41: =H40*(1+G41) -> 890930.76 | I41: =MAX(I40,H41) -> 1000000 | J41: =(H41-I41)/I41 -> -0.10906924
A42: 44515 | B42: =(Prices!B1218/Prices!B1217)-1 -> 0.0015640938 | C42: =(Prices!C1218/Prices!C1217)-1 -> 0.0019222422 | D42: =(Prices!D1218/Prices!D1217)-1 -> -0.0085844749 | E42: =(Prices!E1218/Prices!E1217)-1 -> 0.0018260517 | F42: =(Prices!F1218/Prices!F1217)-1 -> 0.018161952 | G42: =B42*20%+C42*20%+D42*20%+E42*20%+F42*20% -> 0.002977973 | H42: =H41*(1+G42) -> 893583.93 | I42: =MAX(I41,H42) -> 1000000 | J42: =(H42-I42)/I42 -> -0.10641607
A43: 44516 | B43: =(Prices!B1217/Prices!B1216)-1 -> 0.0038913162 | C43: =(Prices!C1217/Prices!C1216)-1 -> -0.01012767 | D43: =(Prices!D1217/Prices!D1216)-1 -> -0.0099457505 | E43: =(Prices!E1217/Prices!E1216)-1 -> 0.0072893249 | F43: =(Prices!F1217/Prices!F1216)-1 -> 0.0026292086 | G43: =B43*20%+C43*20%+D43*20%+E43*20%+F43*20% -> -0.0012527142 | H43: =H42*(1+G43) -> 892464.52 | I43: =MAX(I42,H43) -> 1000000 | J43: =(H43-I43)/I43 -> -0.10753548
A44: 44517 | B44: =(Prices!B1216/Prices!B1215)-1 -> -0.0011592226 | C44: =(Prices!C1216/Prices!C1215)-1 -> -0.00067472244 | D44: =(Prices!D1216/Prices!D1215)-1 -> 0.010968921 | E44: =(Prices!E1216/Prices!E1215)-1 -> 0.0054109589 | F44: =(Prices!F1216/Prices!F1215)-1 -> 0.0014872245 | G44: =B44*20%+C44*20%+D44*20%+E44*20%+F44*20% -> 0.0032066319 | H44: =H43*(1+G44) -> 895326.33 | I44: =MAX(I43,H44) -> 1000000 | J44: =(H44-I44)/I44 -> -0.10467367
A45: 44518 | B45: =(Prices!B1215/Prices!B1214)-1 -> -0.011992185 | C45: =(Prices!C1215/Prices!C1214)-1 -> -0.0063084753 | D45: =(Prices!D1215/Prices!D1214)-1 -> 0.011090573 | E45: =(Prices!E1215/Prices!E1214)-1 -> 0.0087052646 | F45: =(Prices!F1215/Prices!F1214)-1 -> -0.0011445827 | G45: =B45*20%+C45*20%+D45*20%+E45*20%+F45*20% -> 7.0118949e-05 | H45: =H44*(1+G45) -> 895389.11 | I45: =MAX(I44,H45) -> 1000000 | J45: =(H45-I45)/I45 -> -0.10461089
A46: 44519 | B46: =(Prices!B1214/Prices!B1213)-1 -> 0.0061686551 | C46: =(Prices!C1214/Prices!C1213)-1 -> -0.0053351117 | D46: =(Prices!D1214/Prices!D1213)-1 -> 0.048449612 | E46: =(Prices!E1214/Prices!E1213)-1 -> 0.013230662 | F46: =(Prices!F1214/Prices!F1213)-1 -> 0.021518484 | G46: =B46*20%+C46*20%+D46*20%+E46*20%+F46*20% -> 0.01680646 | H46: =H45*(1+G46) -> 910437.43 | I46: =MAX(I45,H46) -> 1000000 | J46: =(H46-I46)/I46 -> -0.089562573
A47: 44522 | B47: =(Prices!B1213/Prices!B1212)-1 -> 0.017940933 | C47: =(Prices!C1213/Prices!C1212)-1 -> 0.0096406929 | D47: =(Prices!D1213/Prices!D1212)-1 -> -0.013572931 | E47: =(Prices!E1213/Prices!E1212)-1 -> -0.020904729 | F47: =(Prices!F1213/Prices!F1212)-1 -> 0.0056287994 | G47: =B47*20%+C47*20%+D47*20%+E47*20%+F47*20% -> -0.00025344692 | H47: =H46*(1+G47) -> 910206.68 | I47: =MAX(I46,H47) -> 1000000 | J47: =(H47-I47)/I47 -> -0.089793321
A48: 44523 | B48: =(Prices!B1212/Prices!B1211)-1 -> 0.0035316114 | C48: =(Prices!C1212/Prices!C1211)-1 -> 0.0063757046 | D48: =(Prices!D1212/Prices!D1211)-1 -> -0.02570311 | E48: =(Prices!E1212/Prices!E1211)-1 -> -0.023361671 | F48: =(Prices!F1212/Prices!F1211)-1 -> -0.021468788 | G48: =B48*20%+C48*20%+D48*20%+E48*20%+F48*20% -> -0.012125251 | H48: =H47*(1+G48) -> 899170.2 | I48: =MAX(I47,H48) -> 1000000 | J48: =(H48-I48)/I48 -> -0.1008298
A49: 44524 | B49: =(Prices!B1211/Prices!B1210)-1 -> -0.0022799503 | C49: =(Prices!C1211/Prices!C1210)-1 -> -0.00067715227 | D49: =(Prices!D1211/Prices!D1210)-1 -> -0.0055565846 | E49: =(Prices!E1211/Prices!E1210)-1 -> 0.007961676 | F49: =(Prices!F1211/Prices!F1210)-1 -> -0.006711083 | G49: =B49*20%+C49*20%+D49*20%+E49*20%+F49*20% -> -0.0014526188 | H49: =H48*(1+G49) -> 897864.04 | I49: =MAX(I48,H49) -> 1000000 | J49: =(H49-I49)/I49 -> -0.10213596
A50: 44526 | B50: =(Prices!B1210/Prices!B1209)-1 -> 0.027690997 | C50: =(Prices!C1210/Prices!C1209)-1 -> 0.024954256 | D50: =(Prices!D1210/Prices!D1209)-1 -> 0.036475331 | E50: =(Prices!E1210/Prices!E1209)-1 -> 0.031026087 | F50: =(Prices!F1210/Prices!F1209)-1 -> 0.023289375 | G50: =B50*20%+C50*20%+D50*20%+E50*20%+F50*20% -> 0.028687209 | H50: =H49*(1+G50) -> 923621.26 | I50: =MAX(I49,H50) -> 1000000 | J50: =(H50-I50)/I50 -> -0.076378743
A51: 44529 | B51: =(Prices!B1209/Prices!B1208)-1 -> -0.023029967 | C51: =(Prices!C1209/Prices!C1208)-1 -> -0.020638942 | D51: =(Prices!D1209/Prices!D1208)-1 -> -0.0055364643 | E51: =(Prices!E1209/Prices!E1208)-1 -> 0.0043317264 | F51: =(Prices!F1209/Prices!F1208)-1 -> -0.026758687 | G51: =B51*20%+C51*20%+D51*20%+E51*20%+F51*20% -> -0.014326467 | H51: =H50*(1+G51) -> 910389.03 | I51: =MAX(I50,H51) -> 1000000 | J51: =(H51-I51)/I51 -> -0.089610972
A52: 44530 | B52: =(Prices!B1208/Prices!B1207)-1 -> 0.025611838 | C52: =(Prices!C1208/Prices!C1207)-1 -> 0.018247027 | D52: =(Prices!D1208/Prices!D1207)-1 -> 0.029278837 | E52: =(Prices!E1208/Prices!E1207)-1 -> 0.015106383 | F52: =(Prices!F1208/Prices!F1207)-1 -> 0.017519219 | G52: =B52*20%+C52*20%+D52*20%+E52*20%+F52*20% -> 0.021152661 | H52: =H51*(1+G52) -> 929646.18 | I52: =MAX(I51,H52) -> 1000000 | J52: =(H52-I52)/I52 -> -0.070353822
A53: 44531 | B53: =(Prices!B1207/Prices!B1206)-1 -> 0.006012024 | C53: =(Prices!C1207/Prices!C1206)-1 -> 0.0015439393 | D53: =(Prices!D1207/Prices!D1206)-1 -> 0.00078662734 | E53: =(Prices!E1207/Prices!E1206)-1 -> 0.0059931507 | F53: =(Prices!F1207/Prices!F1206)-1 -> -0.00027096933 | G53: =B53*20%+C53*20%+D53*20%+E53*20%+F53*20% -> 0.0028129544 | H53: =H52*(1+G53) -> 932261.23 | I53: =MAX(I52,H53) -> 1000000 | J53: =(H53-I53)/I53 -> -0.067738769
A54: 44532 | B54: =(Prices!B1206/Prices!B1205)-1 -> -0.013416184 | C54: =(Prices!C1206/Prices!C1205)-1 -> 0.0017992424 | D54: =(Prices!D1206/Prices!D1205)-1 -> -0.024366846 | E54: =(Prices!E1206/Prices!E1205)-1 -> -0.020613514 | F54: =(Prices!F1206/Prices!F1205)-1 -> -0.0037547855 | G54: =B54*20%+C54*20%+D54*20%+E54*20%+F54*20% -> -0.012070417 | H54: =H53*(1+G54) -> 921008.45 | I54: =MAX(I53,H54) -> 1000000 | J54: =(H54-I54)/I54 -> -0.078991552
A55: 44533 | B55: =(Prices!B1205/Prices!B1204)-1 -> 0.006824968 | C55: =(Prices!C1205/Prices!C1204)-1 -> 0.02005989 | D55: =(Prices!D1205/Prices!D1204)-1 -> 0.0063718865 | E55: =(Prices!E1205/Prices!E1204)-1 -> 0.01843154 | F55: =(Prices!F1205/Prices!F1204)-1 -> -0.010586636 | G55: =B55*20%+C55*20%+D55*20%+E55*20%+F55*20% -> 0.0082203298 | H55: =H54*(1+G55) -> 928579.44 | I55: =MAX(I54,H55) -> 1000000 | J55: =(H55-I55)/I55 -> -0.071420558
A56: 44536 | B56: =(Prices!B1204/Prices!B1203)-1 -> -0.0081094422 | C56: =(Prices!C1204/Prices!C1203)-1 -> -0.0097567197 | D56: =(Prices!D1204/Prices!D1203)-1 -> -0.011075043 | E56: =(Prices!E1204/Prices!E1203)-1 -> -0.011675341 | F56: =(Prices!F1204/Prices!F1203)-1 -> -0.023451023 | G56: =B56*20%+C56*20%+D56*20%+E56*20%+F56*20% -> -0.012813514 | H56: =H55*(1+G56) -> 916681.08 | I56: =MAX(I55,H56) -> 1000000 | J56: =(H56-I56)/I56 -> -0.083318924
A57: 44537 | B57: =(Prices!B1203/Prices!B1202)-1 -> -0.027899644 | C57: =(Prices!C1203/Prices!C1202)-1 -> -0.026054282 | D57: =(Prices!D1203/Prices!D1202)-1 -> -0.011140483 | E57: =(Prices!E1203/Prices!E1202)-1 -> -0.01482816 | F57: =(Prices!F1203/Prices!F1202)-1 -> -0.0099305099 | G57: =B57*20%+C57*20%+D57*20%+E57*20%+F57*20% -> -0.017970616 | H57: =H56*(1+G57) -> 900207.75 | I57: =MAX(I56,H57) -> 1000000 | J57: =(H57-I57)/I57 -> -0.099792247
A58: 44538 | B58: =(Prices!B1202/Prices!B1201)-1 -> -0.0061993324 | C58: =(Prices!C1202/Prices!C1201)-1 -> -0.00015524575 | D58: =(Prices!D1202/Prices!D1201)-1 -> -0.0028243269 | E58: =(Prices!E1202/Prices!E1201)-1 -> 0.01156515 | F58: =(Prices!F1202/Prices!F1201)-1 -> -0.0088190809 | G58: =B58*20%+C58*20%+D58*20%+E58*20%+F58*20% -> -0.0012865671 | H58: =H57*(1+G58) -> 899049.57 | I58: =MAX(I57,H58) -> 1000000 | J58: =(H58-I58)/I58 -> -0.10095043
A59: 44539 | B59: =(Prices!B1201/Prices!B1200)-1 -> 0.0036923077 | C59: =(Prices!C1201/Prices!C1200)-1 -> 0.0056202579 | D59: =(Prices!D1201/Prices!D1200)-1 -> -0.002629108 | E59: =(Prices!E1201/Prices!E1200)-1 -> 0.001614715 | F59: =(Prices!F1201/Prices!F1200)-1 -> -0.0094046055 | G59: =B59*20%+C59*20%+D59*20%+E59*20%+F59*20% -> -0.00022128658 | H59: =H58*(1+G59) -> 898850.63 | I59: =MAX(I58,H59) -> 1000000 | J59: =(H59-I59)/I59 -> -0.10114937
A60: 44540 | B60: =(Prices!B1200/Prices!B1199)-1 -> -0.0024554942 | C60: =(Prices!C1200/Prices!C1199)-1 -> -0.027569455 | D60: =(Prices!D1200/Prices!D1199)-1 -> -0.0063444673 | E60: =(Prices!E1200/Prices!E1199)-1 -> 0.0039469975 | F60: =(Prices!F1200/Prices!F1199)-1 -> -0.010266238 | G60: =B60*20%+C60*20%+D60*20%+E60*20%+F60*20% -> -0.0085377313 | H60: =H59*(1+G60) -> 891176.48 | I60: =MAX(I59,H60) -> 1000000 | J60: =(H60-I60)/I60 -> -0.10882352
A61: 44543 | B61: =(Prices!B1199/Prices!B1198)-1 -> 0.014953271 | C61: =(Prices!C1199/Prices!C1198)-1 -> 0.0092544357 | D61: =(Prices!D1199/Prices!D1198)-1 -> 0.022319725 | E61: =(Prices!E1199/Prices!E1198)-1 -> 0.012055068 | F61: =(Prices!F1199/Prices!F1198)-1 -> 0.00018254421 | G61: =B61*20%+C61*20%+D61*20%+E61*20%+F61*20% -> 0.011753009 | H61: =H60*(1+G61) -> 901650.49 | I61: =MAX(I60,H61) -> 1000000 | J61: =(H61-I61)/I61 -> -0.098349513
A62: 44544 | B62: =(Prices!B1198/Prices!B1197)-1 -> 0.013328657 | C62: =(Prices!C1198/Prices!C1197)-1 -> 0.03370395 | D62: =(Prices!D1198/Prices!D1197)-1 -> 0.0015284677 | E62: =(Prices!E1198/Prices!E1197)-1 -> -0.007574685 | F62: =(Prices!F1198/Prices!F1197)-1 -> -0.0027533791 | G62: =B62*20%+C62*20%+D62*20%+E62*20%+F62*20% -> 0.0076466021 | H62: =H61*(1+G62) -> 908545.05 | I62: =MAX(I61,H62) -> 1000000 | J62: =(H62-I62)/I62 -> -0.09145495
A63: 44545 | B63: =(Prices!B1197/Prices!B1196)-1 -> -0.017303185 | C63: =(Prices!C1197/Prices!C1196)-1 -> -0.018864993 | D63: =(Prices!D1197/Prices!D1196)-1 -> 0.0044137402 | E63: =(Prices!E1197/Prices!E1196)-1 -> 0.0074887668 | F63: =(Prices!F1197/Prices!F1196)-1 -> -0.030189345 | G63: =B63*20%+C63*20%+D63*20%+E63*20%+F63*20% -> -0.010891003 | H63: =H62*(1+G63) -> 898650.08 | I63: =MAX(I62,H63) -> 1000000 | J63: =(H63-I63)/I63 -> -0.10134992
A64: 44546 | B64: =(Prices!B1196/Prices!B1195)-1 -> 0.013838412 | C64: =(Prices!C1196/Prices!C1195)-1 -> 0.029994558 | D64: =(Prices!D1196/Prices!D1195)-1 -> -0.0017241379 | E64: =(Prices!E1196/Prices!E1195)-1 -> -0.015379213 | F64: =(Prices!F1196/Prices!F1195)-1 -> 0.0030991278 | G64: =B64*20%+C64*20%+D64*20%+E64*20%+F64*20% -> 0.0059657493 | H64: =H63*(1+G64) -> 904011.2 | I64: =MAX(I63,H64) -> 1000000 | J64: =(H64-I64)/I64 -> -0.095988796
A65: 44547 | B65: =(Prices!B1195/Prices!B1194)-1 -> 0.019160909 | C65: =(Prices!C1195/Prices!C1194)-1 -> 0.0034047474 | D65: =(Prices!D1195/Prices!D1194)-1 -> 0.022326675 | E65: =(Prices!E1195/Prices!E1194)-1 -> 0.023282552 | F65: =(Prices!F1195/Prices!F1194)-1 -> 0.011781043 | G65: =B65*20%+C65*20%+D65*20%+E65*20%+F65*20% -> 0.015991185 | H65: =H64*(1+G65) -> 918467.41 | I65: =MAX(I64,H65) -> 1000000 | J65: =(H65-I65)/I65 -> -0.081532586
A66: 44550 | B66: =(Prices!B1194/Prices!B1193)-1 -> 0.00085549298 | C66: =(Prices!C1194/Prices!C1193)-1 -> 0.012159043 | D66: =(Prices!D1194/Prices!D1193)-1 -> 0.014705882 | E66: =(Prices!E1194/Prices!E1193)-1 -> 0.018293575 | F66: =(Prices!F1194/Prices!F1193)-1 -> 0.0069917452 | G66: =B66*20%+C66*20%+D66*20%+E66*20%+F66*20% -> 0.010601148 | H66: =H65*(1+G66) -> 928204.22 | I66: =MAX(I65,H66) -> 1000000 | J66: =(H66-I66)/I66 -> -0.071795777
A67: 44551 | B67: =(Prices!B1193/Prices!B1192)-1 -> -0.013017169 | C67: =(Prices!C1193/Prices!C1192)-1 -> -0.022530825 | D67: =(Prices!D1193/Prices!D1192)-1 -> -0.022153129 | E67: =(Prices!E1193/Prices!E1192)-1 -> -0.013712471 | F67: =(Prices!F1193/Prices!F1192)-1 -> -0.0071211035 | G67: =B67*20%+C67*20%+D67*20%+E67*20%+F67*20% -> -0.015706939 | H67: =H66*(1+G67) -> 913624.98 | I67: =MAX(I66,H67) -> 1000000 | J67: =(H67-I67)/I67 -> -0.086375024
A68: 44552 | B68: =(Prices!B1192/Prices!B1191)-1 -> -0.020064814 | C68: =(Prices!C1192/Prices!C1191)-1 -> -0.017760714 | D68: =(Prices!D1192/Prices!D1191)-1 -> -0.0079043763 | E68: =(Prices!E1192/Prices!E1191)-1 -> -0.0039537057 | F68: =(Prices!F1192/Prices!F1191)-1 -> -0.014020446 | G68: =B68*20%+C68*20%+D68*20%+E68*20%+F68*20% -> -0.012740811 | H68: =H67*(1+G68) -> 901984.65 | I68: =MAX(I67,H68) -> 1000000 | J68: =(H68-I68)/I68 -> -0.098015348
A69: 44553 | B69: =(Prices!B1191/Prices!B1190)-1 -> -0.0034357177 | C69: =(Prices!C1191/Prices!C1190)-1 -> -0.0044437539 | D69: =(Prices!D1191/Prices!D1190)-1 -> -0.00057803468 | E69: =(Prices!E1191/Prices!E1190)-1 -> -0.0035100287 | F69: =(Prices!F1191/Prices!F1190)-1 -> -0.0025107367 | G69: =B69*20%+C69*20%+D69*20%+E69*20%+F69*20% -> -0.0028956543 | H69: =H68*(1+G69) -> 899372.82 | I69: =MAX(I68,H69) -> 1000000 | J69: =(H69-I69)/I69 -> -0.10062718
A70: 44557 | B70: =(Prices!B1190/Prices!B1189)-1 -> -0.0066889632 | C70: =(Prices!C1190/Prices!C1189)-1 -> -0.022656867 | D70: =(Prices!D1190/Prices!D1189)-1 -> -0.014057751 | E70: =(Prices!E1190/Prices!E1189)-1 -> -0.0056980057 | F70: =(Prices!F1190/Prices!F1189)-1 -> -0.0082563397 | G70: =B70*20%+C70*20%+D70*20%+E70*20%+F70*20% -> -0.011471585 | H70: =H69*(1+G70) -> 889055.58 | I70: =MAX(I69,H70) -> 1000000 | J70: =(H70-I70)/I70 -> -0.11094442
A71: 44558 | B71: =(Prices!B1189/Prices!B1188)-1 -> 0.0083275981 | C71: =(Prices!C1189/Prices!C1188)-1 -> 0.0035049221 | D71: =(Prices!D1189/Prices!D1188)-1 -> 0.0032399466 | E71: =(Prices!E1189/Prices!E1188)-1 -> -0.0030533267 | F71: =(Prices!F1189/Prices!F1188)-1 -> -0.0068332683 | G71: =B71*20%+C71*20%+D71*20%+E71*20%+F71*20% -> 0.0010371744 | H71: =H70*(1+G71) -> 889977.69 | I71: =MAX(I70,H71) -> 1000000 | J71: =(H71-I71)/I71 -> -0.11002231
A72: 44559 | B72: =(Prices!B1188/Prices!B1187)-1 -> 0.00020651201 | C72: =(Prices!C1188/Prices!C1187)-1 -> -0.0020378369 | D72: =(Prices!D1188/Prices!D1187)-1 -> 0.008844453 | E72: =(Prices!E1188/Prices!E1187)-1 -> 0.00049730037 | F72: =(Prices!F1188/Prices!F1187)-1 -> -0.0052222702 | G72: =B72*20%+C72*20%+D72*20%+E72*20%+F72*20% -> 0.00045763167 | H72: =H71*(1+G72) -> 890384.97 | I72: =MAX(I71,H72) -> 1000000 | J72: =(H72-I72)/I72 -> -0.10961503
A73: 44560 | B73: =(Prices!B1187/Prices!B1186)-1 -> 0.0031073056 | C73: =(Prices!C1187/Prices!C1186)-1 -> 0.0077547893 | D73: =(Prices!D1187/Prices!D1186)-1 -> 0.0059961315 | E73: =(Prices!E1187/Prices!E1186)-1 -> 0.0004975478 | F73: =(Prices!F1187/Prices!F1186)-1 -> 0.0022710068 | G73: =B73*20%+C73*20%+D73*20%+E73*20%+F73*20% -> 0.0039253562 | H73: =H72*(1+G73) -> 893880.05 | I73: =MAX(I72,H73) -> 1000000 | J73: =(H73-I73)/I73 -> -0.10611995
A74: 44561 | B74: =(Prices!B1186/Prices!B1185)-1 -> 0.0092689386 | C74: =(Prices!C1186/Prices!C1185)-1 -> 0.0089062065 | D74: =(Prices!D1186/Prices!D1185)-1 -> -0.0065334358 | E74: =(Prices!E1186/Prices!E1185)-1 -> 0.00085366721 | F74: =(Prices!F1186/Prices!F1185)-1 -> 0.0045627376 | G74: =B74*20%+C74*20%+D74*20%+E74*20%+F74*20% -> 0.0034116228 | H74: =H73*(1+G74) -> 896929.63 | I74: =MAX(I73,H74) -> 1000000 | J74: =(H74-I74)/I74 -> -0.10307037
A75: 44564 | B75: =(Prices!B1185/Prices!B1184)-1 -> -0.00090516641 | C75: =(Prices!C1185/Prices!C1184)-1 -> 0.0046914808 | D75: =(Prices!D1185/Prices!D1184)-1 -> -0.037009623 | E75: =(Prices!E1185/Prices!E1184)-1 -> -0.020691097 | F75: =(Prices!F1185/Prices!F1184)-1 -> -0.00028237543 | G75: =B75*20%+C75*20%+D75*20%+E75*20%+F75*20% -> -0.010839356 | H75: =H74*(1+G75) -> 887207.49 | I75: =MAX(I74,H75) -> 1000000 | J75: =(H75-I75)/I75 -> -0.11279251
A76: 44565 | B76: =(Prices!B1184/Prices!B1183)-1 -> 0.0040548098 | C76: =(Prices!C1184/Prices!C1183)-1 -> 0.01744958 | D76: =(Prices!D1184/Prices!D1183)-1 -> -0.036204744 | E76: =(Prices!E1184/Prices!E1183)-1 -> -0.036579636 | F76: =(Prices!F1184/Prices!F1183)-1 -> 0.023180353 | G76: =B76*20%+C76*20%+D76*20%+E76*20%+F76*20% -> -0.0056199275 | H76: =H75*(1+G76) -> 882221.45 | I76: =MAX(I75,H76) -> 1000000 | J76: =(H76-I76)/I76 -> -0.11777855
A77: 44566 | B77: =(Prices!B1183/Prices!B1182)-1 -> 0.048065651 | C77: =(Prices!C1183/Prices!C1182)-1 -> 0.039942141 | D77: =(Prices!D1183/Prices!D1182)-1 -> -0.012330456 | E77: =(Prices!E1183/Prices!E1182)-1 -> 0.01866539 | F77: =(Prices!F1183/Prices!F1182)-1 -> 0.0024730416 | G77: =B77*20%+C77*20%+D77*20%+E77*20%+F77*20% -> 0.019363154 | H77: =H76*(1+G77) -> 899304.04 | I77: =MAX(I76,H77) -> 1000000 | J77: =(H77-I77)/I77 -> -0.10069596
A78: 44567 | B78: =(Prices!B1182/Prices!B1181)-1 -> 0.00021986075 | C78: =(Prices!C1182/Prices!C1181)-1 -> 0.0079525498 | D78: =(Prices!D1182/Prices!D1181)-1 -> -0.023059714 | E78: =(Prices!E1182/Prices!E1181)-1 -> -0.010553376 | F78: =(Prices!F1182/Prices!F1181)-1 -> 0.042674286 | G78: =B78*20%+C78*20%+D78*20%+E78*20%+F78*20% -> 0.0034467213 | H78: =H77*(1+G78) -> 902403.69 | I78: =MAX(I77,H78) -> 1000000 | J78: =(H78-I78)/I78 -> -0.097596309
A79: 44568 | B79: =(Prices!B1181/Prices!B1180)-1 -> 0.0053046489 | C79: =(Prices!C1181/Prices!C1180)-1 -> -0.00049678744 | D79: =(Prices!D1181/Prices!D1180)-1 -> -0.0080232161 | E79: =(Prices!E1181/Prices!E1180)-1 -> -0.0097802787 | F79: =(Prices!F1181/Prices!F1180)-1 -> 0.024099538 | G79: =B79*20%+C79*20%+D79*20%+E79*20%+F79*20% -> 0.002220781 | H79: =H78*(1+G79) -> 904407.73 | I79: =MAX(I78,H79) -> 1000000 | J79: =(H79-I79)/I79 -> -0.095592268
A80: 44571 | B80: =(Prices!B1180/Prices!B1179)-1 -> -0.011866628 | C80: =(Prices!C1180/Prices!C1179)-1 -> -0.00076116094 | D80: =(Prices!D1180/Prices!D1179)-1 -> 0.0060106474 | E80: =(Prices!E1180/Prices!E1179)-1 -> -0.00093695623 | F80: =(Prices!F1180/Prices!F1179)-1 -> -0.013772553 | G80: =B80*20%+C80*20%+D80*20%+E80*20%+F80*20% -> -0.0042653302 | H80: =H79*(1+G80) -> 900550.13 | I80: =MAX(I79,H80) -> 1000000 | J80: =(H80-I80)/I80 -> -0.099449866
A81: 44572 | B81: =(Prices!B1179/Prices!B1178)-1 -> -0.0076578529 | C81: =(Prices!C1179/Prices!C1178)-1 -> -0.002245336 | D81: =(Prices!D1179/Prices!D1178)-1 -> -0.040375742 | E81: =(Prices!E1179/Prices!E1178)-1 -> -0.0010696617 | F81: =(Prices!F1179/Prices!F1178)-1 -> -0.008514202 | G81: =B81*20%+C81*20%+D81*20%+E81*20%+F81*20% -> -0.011972559 | H81: =H80*(1+G81) -> 889768.24 | I81: =MAX(I80,H81) -> 1000000 | J81: =(H81-I81)/I81 -> -0.11023176
A82: 44573 | B82: =(Prices!B1178/Prices!B1177)-1 -> -0.011991435 | C82: =(Prices!C1178/Prices!C1177)-1 -> -0.01032646 | D82: =(Prices!D1178/Prices!D1177)-1 -> 0.0029752066 | E82: =(Prices!E1178/Prices!E1177)-1 -> -0.0055843638 | F82: =(Prices!F1178/Prices!F1177)-1 -> -0.009972363 | G82: =B82*20%+C82*20%+D82*20%+E82*20%+F82*20% -> -0.0069798829 | H82: =H81*(1+G82) -> 883557.77 | I82: =MAX(I81,H82) -> 1000000 | J82: =(H82-I82)/I82 -> -0.11644223
A83: 44574 | B83: =(Prices!B1177/Prices!B1176)-1 -> 0.020541958 | C83: =(Prices!C1177/Prices!C1176)-1 -> 0.044188903 | D83: =(Prices!D1177/Prices!D1176)-1 -> 0.0071583153 | E83: =(Prices!E1177/Prices!E1176)-1 -> 0.0011980831 | F83: =(Prices!F1177/Prices!F1176)-1 -> 0.013444123 | G83: =B83*20%+C83*20%+D83*20%+E83*20%+F83*20% -> 0.017306277 | H83: =H82*(1+G83) -> 898848.86 | I83: =MAX(I82,H83) -> 1000000 | J83: =(H83-I83)/I83 -> -0.10115114
A84: 44575 | B84: =(Prices!B1176/Prices!B1175)-1 -> -0.0064413404 | C84: =(Prices!C1176/Prices!C1175)-1 -> -0.017401509 | D84: =(Prices!D1176/Prices!D1175)-1 -> -0.017340095 | E84: =(Prices!E1176/Prices!E1175)-1 -> 0.065531915 | F84: =(Prices!F1176/Prices!F1175)-1 -> -0.0026769711 | G84: =B84*20%+C84*20%+D84*20%+E84*20%+F84*20% -> 0.0043344 | H84: =H83*(1+G84) -> 902744.83 | I84: =MAX(I83,H84) -> 1000000 | J84: =(H84-I84)/I84 -> -0.097255168
A85: 44579 | B85: =(Prices!B1175/Prices!B1174)-1 -> 0.02560867 | C85: =(Prices!C1175/Prices!C1174)-1 -> 0.024949311 | D85: =(Prices!D1175/Prices!D1174)-1 -> -0.016411907 | E85: =(Prices!E1175/Prices!E1174)-1 -> 0.043748612 | F85: =(Prices!F1175/Prices!F1174)-1 -> 0.016708873 | G85: =B85*20%+C85*20%+D85*20%+E85*20%+F85*20% -> 0.018920712 | H85: =H84*(1+G85) -> 919825.41 | I85: =MAX(I84,H85) -> 1000000 | J85: =(H85-I85)/I85 -> -0.080174593
A86: 44580 | B86: =(Prices!B1174/Prices!B1173)-1 -> 0.0065750149 | C86: =(Prices!C1174/Prices!C1173)-1 -> -0.0022629865 | D86: =(Prices!D1174/Prices!D1173)-1 -> -0.00048247025 | E86: =(Prices!E1174/Prices!E1173)-1 -> 0.015714286 | F86: =(Prices!F1174/Prices!F1173)-1 -> -0.003302432 | G86: =B86*20%+C86*20%+D86*20%+E86*20%+F86*20% -> 0.0032482824 | H86: =H85*(1+G86) -> 922813.26 | I86: =MAX(I85,H86) -> 1000000 | J86: =(H86-I86)/I86 -> -0.077186741
A87: 44581 | B87: =(Prices!B1173/Prices!B1172)-1 -> 0.013555471 | C87: =(Prices!C1173/Prices!C1172)-1 -> 0.0057590179 | D87: =(Prices!D1173/Prices!D1172)-1 -> -0.0022464698 | E87: =(Prices!E1173/Prices!E1172)-1 -> 0.0085690453 | F87: =(Prices!F1173/Prices!F1172)-1 -> -0.0010368311 | G87: =B87*20%+C87*20%+D87*20%+E87*20%+F87*20% -> 0.0049200467 | H87: =H86*(1+G87) -> 927353.54 | I87: =MAX(I86,H87) -> 1000000 | J87: =(H87-I87)/I87 -> -0.072646456
A88: 44582 | B88: =(Prices!B1172/Prices!B1171)-1 -> 0.022692069 | C88: =(Prices!C1172/Prices!C1171)-1 -> 0.018796332 | D88: =(Prices!D1172/Prices!D1171)-1 -> 0.015314435 | E88: =(Prices!E1172/Prices!E1171)-1 -> 0.017829577 | F88: =(Prices!F1172/Prices!F1171)-1 -> 0.0039507925 | G88: =B88*20%+C88*20%+D88*20%+E88*20%+F88*20% -> 0.015716641 | H88: =H87*(1+G88) -> 941928.43 | I88: =MAX(I87,H88) -> 1000000 | J88: =(H88-I88)/I88 -> -0.058071574
A89: 44585 | B89: =(Prices!B1171/Prices!B1170)-1 -> -0.0034730262 | C89: =(Prices!C1171/Prices!C1170)-1 -> -0.001123004 | D89: =(Prices!D1171/Prices!D1170)-1 -> -0.0085608141 | E89: =(Prices!E1171/Prices!E1170)-1 -> 0.00084974894 | F89: =(Prices!F1171/Prices!F1170)-1 -> -0.0023837058 | G89: =B89*20%+C89*20%+D89*20%+E89*20%+F89*20% -> -0.0029381602 | H89: =H88*(1+G89) -> 939160.89 | I89: =MAX(I88,H89) -> 1000000 | J89: =(H89-I89)/I89 -> -0.06083911
A90: 44586 | B90: =(Prices!B1170/Prices!B1169)-1 -> 0.030459679 | C90: =(Prices!C1170/Prices!C1169)-1 -> 0.027291081 | D90: =(Prices!D1170/Prices!D1169)-1 -> -0.028557979 | E90: =(Prices!E1170/Prices!E1169)-1 -> -0.010774874 | F90: =(Prices!F1170/Prices!F1169)-1 -> 0.011893105 | G90: =B90*20%+C90*20%+D90*20%+E90*20%+F90*20% -> 0.0060622024 | H90: =H89*(1+G90) -> 944854.27 | I90: =MAX(I89,H90) -> 1000000 | J90: =(H90-I90)/I90 -> -0.055145727
A91: 44587 | B91: =(Prices!B1169/Prices!B1168)-1 -> -0.01773299 | C91: =(Prices!C1169/Prices!C1168)-1 -> -0.027692092 | D91: =(Prices!D1169/Prices!D1168)-1 -> 0.010304375 | E91: =(Prices!E1169/Prices!E1168)-1 -> -0.0093868282 | F91: =(Prices!F1169/Prices!F1168)-1 -> -0.0034746186 | G91: =B91*20%+C91*20%+D91*20%+E91*20%+F91*20% -> -0.0095964306 | H91: =H90*(1+G91) -> 935787.04 | I91: =MAX(I90,H91) -> 1000000 | J91: =(H91-I91)/I91 -> -0.064212955
A92: 44588 | B92: =(Prices!B1168/Prices!B1167)-1 -> 0.0017215745 | C92: =(Prices!C1168/Prices!C1167)-1 -> -0.010440876 | D92: =(Prices!D1168/Prices!D1167)-1 -> -0.01267804 | E92: =(Prices!E1168/Prices!E1167)-1 -> 0.017954843 | F92: =(Prices!F1168/Prices!F1167)-1 -> -0.0068543336 | G92: =B92*20%+C92*20%+D92*20%+E92*20%+F92*20% -> -0.0020593664 | H92: =H91*(1+G92) -> 933859.92 | I92: =MAX(I91,H92) -> 1000000 | J92: =(H92-I92)/I92 -> -0.066140084
A93: 44589 | B93: =(Prices!B1167/Prices!B1166)-1 -> -0.032553562 | C93: =(Prices!C1167/Prices!C1166)-1 -> -0.027328857 | D93: =(Prices!D1167/Prices!D1166)-1 -> -0.0021864751 | E93: =(Prices!E1167/Prices!E1166)-1 -> -0.008859696 | F93: =(Prices!F1167/Prices!F1166)-1 -> -0.0095744183 | G93: =B93*20%+C93*20%+D93*20%+E93*20%+F93*20% -> -0.016100602 | H93: =H92*(1+G93) -> 918824.21 | I93: =MAX(I92,H93) -> 1000000 | J93: =(H93-I93)/I93 -> -0.08117579
A94: 44592 | B94: =(Prices!B1166/Prices!B1165)-1 -> -0.014474371 | C94: =(Prices!C1166/Prices!C1165)-1 -> -0.008729097 | D94: =(Prices!D1166/Prices!D1165)-1 -> -0.0088235294 | E94: =(Prices!E1166/Prices!E1165)-1 -> -0.013412704 | F94: =(Prices!F1166/Prices!F1165)-1 -> -0.013782754 | G94: =B94*20%+C94*20%+D94*20%+E94*20%+F94*20% -> -0.011844491 | H94: =H93*(1+G94) -> 907941.2 | I94: =MAX(I93,H94) -> 1000000 | J94: =(H94-I94)/I94 -> -0.092058796
A95: 44593 | B95: =(Prices!B1165/Prices!B1164)-1 -> -0.017015035 | C95: =(Prices!C1165/Prices!C1164)-1 -> 0.0071748577 | D95: =(Prices!D1165/Prices!D1164)-1 -> -0.060363636 | E95: =(Prices!E1165/Prices!E1164)-1 -> -0.016817306 | F95: =(Prices!F1165/Prices!F1164)-1 -> 0.0088975846 | G95: =B95*20%+C95*20%+D95*20%+E95*20%+F95*20% -> -0.015624707 | H95: =H94*(1+G95) -> 893754.89 | I95: =MAX(I94,H95) -> 1000000 | J95: =(H95-I95)/I95 -> -0.10624511
A96: 44594 | B96: =(Prices!B1164/Prices!B1163)-1 -> -0.069918145 | C96: =(Prices!C1164/Prices!C1163)-1 -> -0.01499718 | D96: =(Prices!D1164/Prices!D1163)-1 -> 0.0026250547 | E96: =(Prices!E1164/Prices!E1163)-1 -> 0.0080657207 | F96: =(Prices!F1164/Prices!F1163)-1 -> -0.023695281 | G96: =B96*20%+C96*20%+D96*20%+E96*20%+F96*20% -> -0.019583966 | H96: =H95*(1+G96) -> 876251.62 | I96: =MAX(I95,H96) -> 1000000 | J96: =(H96-I96)/I96 -> -0.12374838
A97: 44595 | B97: =(Prices!B1163/Prices!B1162)-1 -> 0.034288133 | C97: =(Prices!C1163/Prices!C1162)-1 -> 0.040531676 | D97: =(Prices!D1163/Prices!D1162)-1 -> 0.011804633 | E97: =(Prices!E1163/Prices!E1162)-1 -> 0.0082831325 | F97: =(Prices!F1163/Prices!F1162)-1 -> -0.018393268 | G97: =B97*20%+C97*20%+D97*20%+E97*20%+F97*20% -> 0.015302862 | H97: =H96*(1+G97) -> 889660.78 | I97: =MAX(I96,H97) -> 1000000 | J97: =(H97-I97)/I97 -> -0.11033922
A98: 44596 | B98: =(Prices!B1162/Prices!B1161)-1 -> -0.0014090461 | C98: =(Prices!C1162/Prices!C1161)-1 -> -0.015331792 | D98: =(Prices!D1162/Prices!D1161)-1 -> -0.021230503 | E98: =(Prices!E1162/Prices!E1161)-1 -> -0.02524956 | F98: =(Prices!F1162/Prices!F1161)-1 -> 0.011583796 | G98: =B98*20%+C98*20%+D98*20%+E98*20%+F98*20% -> -0.010327421 | H98: =H97*(1+G98) -> 880472.88 | I98: =MAX(I97,H98) -> 1000000 | J98: =(H98-I98)/I98 -> -0.11952712
A99: 44599 | B99: =(Prices!B1161/Prices!B1160)-1 -> 0.029371238 | C99: =(Prices!C1161/Prices!C1160)-1 -> 0.016588333 | D99: =(Prices!D1161/Prices!D1160)-1 -> -0.011845298 | E99: =(Prices!E1161/Prices!E1160)-1 -> -0.0033650329 | F99: =(Prices!F1161/Prices!F1160)-1 -> -0.0011052216 | G99: =B99*20%+C99*20%+D99*20%+E99*20%+F99*20% -> 0.0059288037 | H99: =H98*(1+G99) -> 885693.03 | I99: =MAX(I98,H99) -> 1000000 | J99: =(H99-I99)/I99 -> -0.11430697
A100: 44600 | B100: =(Prices!B1160/Prices!B1159)-1 -> -0.0014483308 | C100: =(Prices!C1160/Prices!C1159)-1 -> -0.011849879 | D100: =(Prices!D1160/Prices!D1159)-1 -> 0.026516261 | E100: =(Prices!E1160/Prices!E1159)-1 -> -0.018453364 | F100: =(Prices!F1160/Prices!F1159)-1 -> -0.019679381 | G100: =B100*20%+C100*20%+D100*20%+E100*20%+F100*20% -> -0.0049829386 | H100: =H99*(1+G100) -> 881279.68 | I100: =MAX(I99,H100) -> 1000000 | J100: =(H100-I100)/I100 -> -0.11872032
...

Sheet Risk Analysis
B1: ANNUALISED VOLATILITY | E1: CORROLATION MATRIX | L1: COVARIANCE MATRIX | S1: WEIGHTS
B2: Asset | C2: Annualised Volatility | E2: Column1 | F2: GOOGL | G2: MSFT | H2: XOM | I2: JPM | J2: UNH | L2: Column1 | M2: GOOGL | N2: MSFT | O2: XOM | P2: JPM | Q2: UNH | S2: Stock | T2: Weight
B3: GOOGL | C3: =_xlfn.STDEV.S(Returns!B3:B1256)*SQRT(252) -> 0.32111573 | E3: GOOGL | F3: 1 | G3: =CORREL(Returns!B3:B1256,Returns!C3:C1256) -> 0.55214559 | H3: =CORREL(Returns!B3:B1256,Returns!D3:D1256) -> 0.035548313 | I3: =CORREL(Returns!B3:B1256,Returns!E3:E1256) -> 0.31264894 | J3: =CORREL(Returns!B3:B1256,Returns!F3:F1256) -> 0.10155408 | L3: GOOGL | M3: =N3 -> 0.00019705522 | N3: =_xlfn.COVARIANCE.S(Returns!B3:B1256,Returns!C3:C1256) -> 0.00019705522 | O3: =_xlfn.COVARIANCE.S(Returns!B3:B1256,Returns!D3:D1256) -> 1.2106401e-05 | P3: =_xlfn.COVARIANCE.S(Returns!B3:B1256,Returns!E3:E1256) -> 9.7053915e-05 | Q3: =_xlfn.COVARIANCE.S(Returns!B3:B1256,Returns!F3:F1256) -> 4.4242778e-05 | S3: GOOGL | T3: 0.2
B4: MSFT | C4: =_xlfn.STDEV.S(Returns!C3:C1256)*SQRT(252) -> 0.28007433 | E4: MSFT | F4: =CORREL(Returns!C3:C1256,Returns!B3:B1256) -> 0.55214559 | G4: 1 | H4: 0.05 | I4: =CORREL(Returns!C3:C1256,Returns!E3:E1256) -> 0.29593631 | J4: =CORREL(Returns!C3:C1256,Returns!F3:F1256) -> 0.11417183 | L4: MSFT | M4: =_xlfn.COVARIANCE.S(Returns!B3:B1256,Returns!C3:C1256) -> 0.00019705522 | N4: =_xlfn.COVARIANCE.S(Returns!C3:C1256,Returns!C3:C1256) -> 0.00031127632 | O4: =_xlfn.COVARIANCE.S(Returns!C3:C1256,Returns!D3:D1256) -> 1.444745e-05 | P4: =_xlfn.COVARIANCE.S(Returns!C3:C1256,Returns!E3:E1256) -> 8.0124638e-05 | Q4: =_xlfn.COVARIANCE.S(Returns!C3:C1256,Returns!F3:F1256) -> 4.3382615e-05 | S4: MSFT | T4: 0.2
B5: XOM | C5: =_xlfn.STDEV.S(Returns!D3:D1256)*SQRT(252) -> 0.26726066 | E5: XOM | F5: 0.04 | G5: =CORREL(Returns!C3:C1256,Returns!D3:D1256) -> 0.048638862 | H5: 1 | I5: =CORREL(Returns!D3:D1256,Returns!E3:E1256) -> 0.27041328 | J5: =CORREL(Returns!D3:D1256,Returns!F3:F1256) -> 0.068577959 | L5: XOM | M5: =_xlfn.COVARIANCE.S(Returns!B3:B1256,Returns!D3:D1256) -> 1.2106401e-05 | N5: =_xlfn.COVARIANCE.S(Returns!C3:C1256,Returns!D3:D1256) -> 1.444745e-05 | O5: =_xlfn.COVARIANCE.S(Returns!D3:D1256,Returns!D3:D1256) -> 0.00028344547 | P5: =_xlfn.COVARIANCE.S(Returns!D3:D1256,Returns!E3:E1256) -> 6.9864661e-05 | Q5: =_xlfn.COVARIANCE.S(Returns!D3:D1256,Returns!F3:F1256) -> 2.4865834e-05 | S5: XOM | T5: 0.2
B6: JPM | C6: =_xlfn.STDEV.S(Returns!E3:E1256)*SQRT(252) -> 0.24360997 | E6: JPM | F6: 0.31 | G6: 0.3 | H6: 0,27 | I6: 1 | J6: =CORREL(Returns!E3:E1256,Returns!F3:F1256) -> 0.15155143 | L6: JPM | M6: =_xlfn.COVARIANCE.S(Returns!B3:B1256,Returns!E3:E1256) -> 9.7053915e-05 | N6: =_xlfn.COVARIANCE.S(Returns!C3:C1256,Returns!E3:E1256) -> 8.0124638e-05 | O6: =_xlfn.COVARIANCE.S(Returns!D3:D1256,Returns!E3:E1256) -> 6.9864661e-05 | P6: 0 | Q6: =_xlfn.COVARIANCE.S(Returns!E3:E1256,Returns!F3:F1256) -> 5.0088558e-05 | S6: JPM | T6: 0.2
B7: UNH | C7: =_xlfn.STDEV.S(Returns!F3:F1256)*SQRT(252) -> 0.3418881 | E7: UNH | F7: 0.1 | G7: 0.11 | H7: 0.07 | I7: 0.15 | J7: 1 | L7: UNH | M7: =_xlfn.COVARIANCE.S(Returns!B3:B1256,Returns!F3:F1256) -> 4.4242778e-05 | N7: =_xlfn.COVARIANCE.S(Returns!C3:C1256,Returns!F3:F1256) -> 4.3382615e-05 | O7: =_xlfn.COVARIANCE.S(Returns!D3:D1256,Returns!F3:F1256) -> 2.4865834e-05 | P7: =_xlfn.COVARIANCE.S(Returns!E3:E1256,Returns!F3:F1256) -> 5.0088558e-05 | Q7: 0 | S7: UNH | T7: 0.2
B9: PORFTOLIO RISK ANALYSIS | E9: Column1 | F9: 95% | G9: 99% | I9: Asset | J9: Weight | K9: Risk Contribution | L9: Workings
B10: Daily Portfolio Volitility: | C10: =SQRT(SUMPRODUCT(T3:T7,MMULT(M3:Q7,T3:T7))) -> 0.0090735686 | E10: Historic VaR | F10: =-_xlfn.PERCENTILE.INC(Returns!G3:G1256,0.05)*1000000 -> 16642.36 | G10: =-_xlfn.PERCENTILE.INC(Returns!G3:G1256,0.01)*1000000 -> 28114.055 | I10: GOOGL | J10: 0.2 | K10: =L10/SUM($L$10:$L$14) -> 0.26601039 | L10: =J10*(M3*$J$10+N3*$J$11+O3*$J$12+P3*$J$13+Q3*$J$14) -> 2.1900542e-05
B11: Annualised Portfolio Volatility: | C11: =C10*SQRT(252) -> 0.14403844 | E11: Parametric VaR | F11: =1.645*C10*1000000 -> 14926.02 | G11: =2.326*C10*1000000 -> 21105.12 | I11: MSFT | J11: 0.2 | K11: =L11/SUM($L$10:$L$14) -> 0.31399928 | L11: =J11*(M4*$J$10+N4*$J$11+O4*$J$12+P4*$J$13+Q4*$J$14) -> 2.585145e-05
B12: Maximum Drawdown | C12: =MIN(Returns!J2:J1255) -> -0.50372573 | E12: Expected Shortfall | F12: =-AVERAGEIF(Returns!G3:G1256,"<"&_xlfn.PERCENTILE.INC(Returns!G3:G1256,0.05),Returns!G3:G1256)*1000000 -> 24215.283 | G12: =-AVERAGEIF(Returns!G3:G1256,"<"&_xlfn.PERCENTILE.INC(Returns!G3:G1256,0.01),Returns!G3:G1256)*1000000 -> 36962.571 | I12: XOM | J12: 0.2 | K12: =L12/SUM($L$10:$L$14) -> 0.19663868 | L12: =J12*(M5*$J$10+N5*$J$11+O5*$J$12+P5*$J$13+Q5*$J$14) -> 1.6189193e-05
I13: JPM | J13: 0.2 | K13: =L13/SUM($L$10:$L$14) -> 0.14436198 | L13: =J13*(M6*$J$10+N6*$J$11+O6*$J$12+P6*$J$13+Q6*$J$14) -> 1.1885271e-05
I14: UNH | J14: 0.2 | K14: =L14/SUM($L$10:$L$14) -> 0.078989668 | L14: =J14*(M7*$J$10+N7*$J$11+O7*$J$12+P7*$J$13+Q7*$J$14) -> 6.5031914e-06
I15: Total | J15: 1 | K15: 1

Sheet Stress Tests
B2: Scenario | C2: GOOGL | D2: MSFT | E2: XOM | F2: JPM | G2: UNH | H2: Portfolio Impact | I2: £ Impact
B3: Mild Market Downturn | C3: -0.05 | D3: -0.05 | E3: -0.05 | F3: -0.05 | G3: -0.05 | H3: =SUM(C3:G3)*20% -> -0.05 | I3: =H3*1000000 -> -50000
B4: Market Correction | C4: -0.1 | D4: -0.1 | E4: -0.1 | F4: -0.1 | G4: -0.1 | H4: =SUM(C4:G4)*20% -> -0.1 | I4: =H4*1000000 -> -100000
B5: Severe Market Shock | C5: -0.2 | D5: -0.2 | E5: -0.2 | F5: -0.2 | G5: -0.2 | H5: =SUM(C5:G5)*20% -> -0.2 | I5: =H5*1000000 -> -200000
B6: Tech Shock | C6: -0.25 | D6: -0.2 | E6: -0.05 | F6: -0.05 | G6: -0.05 | H6: =SUM(C6:G6)*20% -> -0.12 | I6: =H6*1000000 -> -120000
B7: Energy Shock | C7: -0.05 | D7: -0.05 | E7: -0.3 | F7: -0.05 | G7: -0.05 | H7: =SUM(C7:G7)*20% -> -0.1 | I7: =H7*1000000 -> -100000
B8: Financial Shock | C8: -0.05 | D8: -0.05 | E8: -0.05 | F8: -0.3 | G8: -0.05 | H8: =SUM(C8:G8)*20% -> -0.1 | I8: =H8*1000000 -> -100000
